{"cameraMode":{"drawMode":0,"name":"Shaded","section":"Shading Mode"},"sceneLighting":true,"audioPlay":false,"sceneViewState":{"showFog":true,"showMaterialUpdate":false,"showSkybox":true,"showFlares":true,"showImageEffects":true,"showParticleSystems":true},"in2DMode":false,"pivot":{"x":7.515398025512695,"y":-3.043689727783203,"z":-19.79620933532715},"rotation":{"x":-0.47398585081100466,"y":0.000525983574334532,"z":-0.000281520071439445,"w":-0.8805386424064636},"size":24.373435974121095,"orthographic":false}