{"cameraMode":{"drawMode":0,"name":"Shaded","section":"Shading Mode"},"sceneLighting":true,"audioPlay":false,"sceneViewState":{"showFog":true,"showMaterialUpdate":false,"showSkybox":true,"showFlares":true,"showImageEffects":true,"showParticleSystems":true},"in2DMode":false,"pivot":{"x":5.517202377319336,"y":-0.3238487243652344,"z":-9.252579689025879},"rotation":{"x":-0.029773570597171785,"y":0.9590704441070557,"z":-0.2592449188232422,"w":-0.1101139709353447},"size":27.983449935913087,"orthographic":false}