{"cameraMode":{"drawMode":0,"name":"Shaded","section":"Shading Mode"},"sceneLighting":true,"audioPlay":false,"sceneViewState":{"showFog":true,"showMaterialUpdate":false,"showSkybox":true,"showFlares":true,"showImageEffects":true,"showParticleSystems":true},"in2DMode":false,"pivot":{"x":7.695700168609619,"y":3.7106661796569826,"z":-6.260148048400879},"rotation":{"x":0.08169925212860108,"y":-0.9182175993919373,"z":0.2675204873085022,"w":0.2804185748100281},"size":13.821276664733887,"orthographic":false}