{"cameraMode":{"drawMode":0,"name":"Shaded","section":"Shading Mode"},"sceneLighting":true,"audioPlay":false,"sceneViewState":{"showFog":true,"showMaterialUpdate":false,"showSkybox":true,"showFlares":true,"showImageEffects":true,"showParticleSystems":true},"in2DMode":false,"pivot":{"x":0.4620018005371094,"y":4.865495681762695,"z":-9.326750755310059},"rotation":{"x":-0.09737429022789002,"y":0.6480713486671448,"z":-0.08406765013933182,"w":-0.7506450414657593},"size":42.927528381347659,"orthographic":false}