{"cameraMode":{"drawMode":0,"name":"Shaded","section":"Shading Mode"},"sceneLighting":false,"audioPlay":false,"sceneViewState":{"showFog":true,"showMaterialUpdate":false,"showSkybox":false,"showFlares":true,"showImageEffects":true,"showParticleSystems":true},"in2DMode":false,"pivot":{"x":1.0650639533996583,"y":0.6981891393661499,"z":-1.5635910034179688},"rotation":{"x":-0.054287251085042956,"y":0.9414194822311401,"z":-0.18447285890579225,"w":-0.2770442068576813},"size":4.300143241882324,"orthographic":false}