{"cameraMode":{"drawMode":0,"name":"Shaded","section":"Shading Mode"},"sceneLighting":true,"audioPlay":false,"sceneViewState":{"showFog":true,"showMaterialUpdate":false,"showSkybox":true,"showFlares":true,"showImageEffects":true,"showParticleSystems":true},"in2DMode":false,"pivot":{"x":7.780000686645508,"y":1.5,"z":-9.680000305175782},"rotation":{"x":0.06214464455842972,"y":0.937822699546814,"z":-0.23697100579738618,"w":0.24595080316066743},"size":13.522546768188477,"orthographic":false}