{"cameraMode":{"drawMode":0,"name":"Shaded","section":"Shading Mode"},"sceneLighting":true,"audioPlay":false,"sceneViewState":{"showFog":true,"showMaterialUpdate":false,"showSkybox":true,"showFlares":true,"showImageEffects":true,"showParticleSystems":true},"in2DMode":false,"pivot":{"x":8.290966987609864,"y":1.7676796913146973,"z":-5.206730365753174},"rotation":{"x":0.05636221915483475,"y":-0.9436347484588623,"z":0.22942331433296204,"w":0.23182159662246705},"size":8.47613525390625,"orthographic":false}